soc,ocv_V,source,model,export_method
0.0,2.5,Chen2020,SPM,pybamm_model_initial_soc_rest_voltage
0.005,2.614638133626356,Chen2020,SPM,pybamm_model_initial_soc_rest_voltage
0.01,2.7114238501800187,Chen2020,SPM,pybamm_model_initial_soc_rest_voltage
0.015,2.7932319748840553,Chen2020,SPM,pybamm_model_initial_soc_rest_voltage
0.02,2.8624846308092327,Chen2020,SPM,pybamm_model_initial_soc_rest_voltage
0.025,2.921225417809665,Chen2020,SPM,pybamm_model_initial_soc_rest_voltage
0.03,2.971182140662284,Chen2020,SPM,pybamm_model_initial_soc_rest_voltage
0.035,3.0138199833839563,Chen2020,SPM,pybamm_model_initial_soc_rest_voltage
0.04,3.050386683458742,Chen2020,SPM,pybamm_model_initial_soc_rest_voltage
0.045,3.08195094325377,Chen2020,SPM,pybamm_model_initial_soc_rest_voltage
0.05,3.109434999152347,Chen2020,SPM,pybamm_model_initial_soc_rest_voltage
0.055,3.133641927194978,Chen2020,SPM,pybamm_model_initial_soc_rest_voltage
0.06,3.1552778785559346,Chen2020,SPM,pybamm_model_initial_soc_rest_voltage
0.065,3.1749690092089704,Chen2020,SPM,pybamm_model_initial_soc_rest_voltage
0.07,3.1932724401613397,Chen2020,SPM,pybamm_model_initial_soc_rest_voltage
0.075,3.210680283662585,Chen2020,SPM,pybamm_model_initial_soc_rest_voltage
0.08,3.2276158387469422,Chen2020,SPM,pybamm_model_initial_soc_rest_voltage
0.085,3.244421842267013,Chen2020,SPM,pybamm_model_initial_soc_rest_voltage
0.09,3.261342474041276,Chen2020,SPM,pybamm_model_initial_soc_rest_voltage
0.095,3.2785036174758972,Chen2020,SPM,pybamm_model_initial_soc_rest_voltage
0.1,3.295898845512274,Chen2020,SPM,pybamm_model_initial_soc_rest_voltage
0.105,3.313389969439223,Chen2020,SPM,pybamm_model_initial_soc_rest_voltage
0.11,3.3307287415983775,Chen2020,SPM,pybamm_model_initial_soc_rest_voltage
0.115,3.3475998376586515,Chen2020,SPM,pybamm_model_initial_soc_rest_voltage
0.12,3.363676826648037,Chen2020,SPM,pybamm_model_initial_soc_rest_voltage
0.125,3.378676969683076,Chen2020,SPM,pybamm_model_initial_soc_rest_voltage
0.13,3.3924010103039306,Chen2020,SPM,pybamm_model_initial_soc_rest_voltage
0.135,3.4047504134397144,Chen2020,SPM,pybamm_model_initial_soc_rest_voltage
0.14,3.4157228890752056,Chen2020,SPM,pybamm_model_initial_soc_rest_voltage
0.145,3.425393108091685,Chen2020,SPM,pybamm_model_initial_soc_rest_voltage
0.15,3.4338873128626384,Chen2020,SPM,pybamm_model_initial_soc_rest_voltage
0.155,3.4413588681993352,Chen2020,SPM,pybamm_model_initial_soc_rest_voltage
0.16,3.447968738982303,Chen2020,SPM,pybamm_model_initial_soc_rest_voltage
0.165,3.4538721053804946,Chen2020,SPM,pybamm_model_initial_soc_rest_voltage
0.17,3.4592105653470853,Chen2020,SPM,pybamm_model_initial_soc_rest_voltage
0.17500000000000002,3.4641086110049164,Chen2020,SPM,pybamm_model_initial_soc_rest_voltage
0.18,3.4686729696475855,Chen2020,SPM,pybamm_model_initial_soc_rest_voltage
0.185,3.4729936300190007,Chen2020,SPM,pybamm_model_initial_soc_rest_voltage
0.19,3.477145697697693,Chen2020,SPM,pybamm_model_initial_soc_rest_voltage
0.195,3.4811915203085504,Chen2020,SPM,pybamm_model_initial_soc_rest_voltage
0.2,3.4851827513338427,Chen2020,SPM,pybamm_model_initial_soc_rest_voltage
0.20500000000000002,3.489162178279642,Chen2020,SPM,pybamm_model_initial_soc_rest_voltage
0.21,3.493165240572436,Chen2020,SPM,pybamm_model_initial_soc_rest_voltage
0.215,3.4972212215511895,Chen2020,SPM,pybamm_model_initial_soc_rest_voltage
0.22,3.501354131699166,Chen2020,SPM,pybamm_model_initial_soc_rest_voltage
0.225,3.505583317493538,Chen2020,SPM,pybamm_model_initial_soc_rest_voltage
0.23,3.50992383908708,Chen2020,SPM,pybamm_model_initial_soc_rest_voltage
0.23500000000000001,3.514386664837224,Chen2020,SPM,pybamm_model_initial_soc_rest_voltage
0.24,3.518978733767355,Chen2020,SPM,pybamm_model_initial_soc_rest_voltage
0.245,3.523702939219507,Chen2020,SPM,pybamm_model_initial_soc_rest_voltage
0.25,3.5285580880548344,Chen2020,SPM,pybamm_model_initial_soc_rest_voltage
0.255,3.5335388889592045,Chen2020,SPM,pybamm_model_initial_soc_rest_voltage
0.26,3.5386360196254083,Chen2020,SPM,pybamm_model_initial_soc_rest_voltage
0.265,3.5438363148312444,Chen2020,SPM,pybamm_model_initial_soc_rest_voltage
0.27,3.5491231052274848,Chen2020,SPM,pybamm_model_initial_soc_rest_voltage
0.275,3.5544767203177425,Chen2020,SPM,pybamm_model_initial_soc_rest_voltage
0.28,3.5598751499561314,Chen2020,SPM,pybamm_model_initial_soc_rest_voltage
0.28500000000000003,3.5652948389126182,Chen2020,SPM,pybamm_model_initial_soc_rest_voltage
0.29,3.5707115714196096,Chen2020,SPM,pybamm_model_initial_soc_rest_voltage
0.295,3.576101389866314,Chen2020,SPM,pybamm_model_initial_soc_rest_voltage
0.3,3.5814414860478996,Chen2020,SPM,pybamm_model_initial_soc_rest_voltage
0.305,3.586711005522666,Chen2020,SPM,pybamm_model_initial_soc_rest_voltage
0.31,3.591891715176202,Chen2020,SPM,pybamm_model_initial_soc_rest_voltage
0.315,3.596968499227962,Chen2020,SPM,pybamm_model_initial_soc_rest_voltage
0.32,3.6019296669769227,Chen2020,SPM,pybamm_model_initial_soc_rest_voltage
0.325,3.6067670736695434,Chen2020,SPM,pybamm_model_initial_soc_rest_voltage
0.33,3.611476071463488,Chen2020,SPM,pybamm_model_initial_soc_rest_voltage
0.335,3.6160553188416937,Chen2020,SPM,pybamm_model_initial_soc_rest_voltage
0.34,3.6205064832763862,Chen2020,SPM,pybamm_model_initial_soc_rest_voltage
0.34500000000000003,3.624833873631747,Chen2020,SPM,pybamm_model_initial_soc_rest_voltage
0.35000000000000003,3.62904403656957,Chen2020,SPM,pybamm_model_initial_soc_rest_voltage
0.355,3.6331453462708607,Chen2020,SPM,pybamm_model_initial_soc_rest_voltage
0.36,3.6371476103494103,Chen2020,SPM,pybamm_model_initial_soc_rest_voltage
0.365,3.6410617079915673,Chen2020,SPM,pybamm_model_initial_soc_rest_voltage
0.37,3.644899269918629,Chen2020,SPM,pybamm_model_initial_soc_rest_voltage
0.375,3.6486724042409158,Chen2020,SPM,pybamm_model_initial_soc_rest_voltage
0.38,3.6523934678934156,Chen2020,SPM,pybamm_model_initial_soc_rest_voltage
0.385,3.656074880144919,Chen2020,SPM,pybamm_model_initial_soc_rest_voltage
0.39,3.659728972555195,Chen2020,SPM,pybamm_model_initial_soc_rest_voltage
0.395,3.663367868547739,Chen2020,SPM,pybamm_model_initial_soc_rest_voltage
0.4,3.6670033852799646,Chen2020,SPM,pybamm_model_initial_soc_rest_voltage
0.405,3.67064695055076,Chen2020,SPM,pybamm_model_initial_soc_rest_voltage
0.41000000000000003,3.6743095279422233,Chen2020,SPM,pybamm_model_initial_soc_rest_voltage
0.41500000000000004,3.6780015441392484,Chen2020,SPM,pybamm_model_initial_soc_rest_voltage
0.42,3.6817328133372187,Chen2020,SPM,pybamm_model_initial_soc_rest_voltage
0.425,3.6855124547928853,Chen2020,SPM,pybamm_model_initial_soc_rest_voltage
0.43,3.689348800876846,Chen2020,SPM,pybamm_model_initial_soc_rest_voltage
0.435,3.69324929443748,Chen2020,SPM,pybamm_model_initial_soc_rest_voltage
0.44,3.697220375873002,Chen2020,SPM,pybamm_model_initial_soc_rest_voltage
0.445,3.7012673620037377,Chen2020,SPM,pybamm_model_initial_soc_rest_voltage
0.45,3.7053943205890896,Chen2020,SPM,pybamm_model_initial_soc_rest_voltage
0.455,3.7096039460592425,Chen2020,SPM,pybamm_model_initial_soc_rest_voltage
0.46,3.7138974436102523,Chen2020,SPM,pybamm_model_initial_soc_rest_voltage
0.465,3.7182744300902493,Chen2020,SPM,pybamm_model_initial_soc_rest_voltage
0.47000000000000003,3.7227328609099857,Chen2020,SPM,pybamm_model_initial_soc_rest_voltage
0.47500000000000003,3.7272689923667617,Chen2020,SPM,pybamm_model_initial_soc_rest_voltage
0.48,3.7318773881278187,Chen2020,SPM,pybamm_model_initial_soc_rest_voltage
0.485,3.736550977086982,Chen2020,SPM,pybamm_model_initial_soc_rest_voltage
0.49,3.741281167387598,Chen2020,SPM,pybamm_model_initial_soc_rest_voltage
0.495,3.7460580182102614,Chen2020,SPM,pybamm_model_initial_soc_rest_voltage
0.5,3.750870467195166,Chen2020,SPM,pybamm_model_initial_soc_rest_voltage
0.505,3.7557066074527445,Chen2020,SPM,pybamm_model_initial_soc_rest_voltage
0.51,3.760554004436905,Chen2020,SPM,pybamm_model_initial_soc_rest_voltage
0.515,3.765400039950211,Chen2020,SPM,pybamm_model_initial_soc_rest_voltage
0.52,3.7702322686137775,Chen2020,SPM,pybamm_model_initial_soc_rest_voltage
0.525,3.7750387715450144,Chen2020,SPM,pybamm_model_initial_soc_rest_voltage
0.53,3.7798084928665165,Chen2020,SPM,pybamm_model_initial_soc_rest_voltage
0.535,3.7845315469643137,Chen2020,SPM,pybamm_model_initial_soc_rest_voltage
0.54,3.7891994879029767,Chen2020,SPM,pybamm_model_initial_soc_rest_voltage
0.545,3.793805536745152,Chen2020,SPM,pybamm_model_initial_soc_rest_voltage
0.55,3.7983447673027566,Chen2020,SPM,pybamm_model_initial_soc_rest_voltage
0.555,3.8028142556486895,Chen2020,SPM,pybamm_model_initial_soc_rest_voltage
0.56,3.807213203161696,Chen2020,SPM,pybamm_model_initial_soc_rest_voltage
0.5650000000000001,3.811543046637704,Chen2020,SPM,pybamm_model_initial_soc_rest_voltage
0.5700000000000001,3.8158075717837243,Chen2020,SPM,pybamm_model_initial_soc_rest_voltage
0.5750000000000001,3.82001304787914,Chen2020,SPM,pybamm_model_initial_soc_rest_voltage
0.58,3.824168401037459,Chen2020,SPM,pybamm_model_initial_soc_rest_voltage
0.585,3.8282854404668814,Chen2020,SPM,pybamm_model_initial_soc_rest_voltage
0.59,3.832379144947851,Chen2020,SPM,pybamm_model_initial_soc_rest_voltage
0.595,3.836468003091441,Chen2020,SPM,pybamm_model_initial_soc_rest_voltage
0.6,3.840574377437165,Chen2020,SPM,pybamm_model_initial_soc_rest_voltage
0.605,3.8447248248273267,Chen2020,SPM,pybamm_model_initial_soc_rest_voltage
0.61,3.8489502496513555,Chen2020,SPM,pybamm_model_initial_soc_rest_voltage
0.615,3.853285691406268,Chen2020,SPM,pybamm_model_initial_soc_rest_voltage
0.62,3.857769461392071,Chen2020,SPM,pybamm_model_initial_soc_rest_voltage
0.625,3.8624412715296743,Chen2020,SPM,pybamm_model_initial_soc_rest_voltage
0.63,3.867338996880718,Chen2020,SPM,pybamm_model_initial_soc_rest_voltage
0.635,3.8724938703123892,Chen2020,SPM,pybamm_model_initial_soc_rest_voltage
0.64,3.8779243180536564,Chen2020,SPM,pybamm_model_initial_soc_rest_voltage
0.645,3.8836293358073277,Chen2020,SPM,pybamm_model_initial_soc_rest_voltage
0.65,3.889583116429653,Chen2020,SPM,pybamm_model_initial_soc_rest_voltage
0.655,3.8957331466666076,Chen2020,SPM,pybamm_model_initial_soc_rest_voltage
0.66,3.9020036299376533,Chen2020,SPM,pybamm_model_initial_soc_rest_voltage
0.665,3.9083045855739735,Chen2020,SPM,pybamm_model_initial_soc_rest_voltage
0.67,3.9145447874386137,Chen2020,SPM,pybamm_model_initial_soc_rest_voltage
0.675,3.9206450013916188,Chen2020,SPM,pybamm_model_initial_soc_rest_voltage
0.68,3.926547841838052,Chen2020,SPM,pybamm_model_initial_soc_rest_voltage
0.685,3.9322220856717363,Chen2020,SPM,pybamm_model_initial_soc_rest_voltage
0.6900000000000001,3.9376614809063435,Chen2020,SPM,pybamm_model_initial_soc_rest_voltage
0.6950000000000001,3.942879750070955,Chen2020,SPM,pybamm_model_initial_soc_rest_voltage
0.7000000000000001,3.9479040205498297,Chen2020,SPM,pybamm_model_initial_soc_rest_voltage
0.705,3.9527685047737062,Chen2020,SPM,pybamm_model_initial_soc_rest_voltage
0.71,3.957509454608882,Chen2020,SPM,pybamm_model_initial_soc_rest_voltage
0.715,3.9621616883099353,Chen2020,SPM,pybamm_model_initial_soc_rest_voltage
0.72,3.9667565337067465,Chen2020,SPM,pybamm_model_initial_soc_rest_voltage
0.725,3.9713208411471292,Chen2020,SPM,pybamm_model_initial_soc_rest_voltage
0.73,3.9758767029999076,Chen2020,SPM,pybamm_model_initial_soc_rest_voltage
0.735,3.980441581619284,Chen2020,SPM,pybamm_model_initial_soc_rest_voltage
0.74,3.985028633798333,Chen2020,SPM,pybamm_model_initial_soc_rest_voltage
0.745,3.9896470968132056,Chen2020,SPM,pybamm_model_initial_soc_rest_voltage
0.75,3.994302659278221,Chen2020,SPM,pybamm_model_initial_soc_rest_voltage
0.755,3.9989977794576275,Chen2020,SPM,pybamm_model_initial_soc_rest_voltage
0.76,4.0037319384062995,Chen2020,SPM,pybamm_model_initial_soc_rest_voltage
0.765,4.008501829817243,Chen2020,SPM,pybamm_model_initial_soc_rest_voltage
0.77,4.013301496438192,Chen2020,SPM,pybamm_model_initial_soc_rest_voltage
0.775,4.018122427038376,Chen2020,SPM,pybamm_model_initial_soc_rest_voltage
0.78,4.022953629895314,Chen2020,SPM,pybamm_model_initial_soc_rest_voltage
0.785,4.027781699680979,Chen2020,SPM,pybamm_model_initial_soc_rest_voltage
0.79,4.032590895030777,Chen2020,SPM,pybamm_model_initial_soc_rest_voltage
0.795,4.0373632442367535,Chen2020,SPM,pybamm_model_initial_soc_rest_voltage
0.8,4.042078696473576,Chen2020,SPM,pybamm_model_initial_soc_rest_voltage
0.805,4.0467153356610455,Chen2020,SPM,pybamm_model_initial_soc_rest_voltage
0.81,4.051249673323618,Chen2020,SPM,pybamm_model_initial_soc_rest_voltage
0.8150000000000001,4.05565703540056,Chen2020,SPM,pybamm_model_initial_soc_rest_voltage
0.8200000000000001,4.0599120556377635,Chen2020,SPM,pybamm_model_initial_soc_rest_voltage
0.8250000000000001,4.063989284698008,Chen2020,SPM,pybamm_model_initial_soc_rest_voltage
0.8300000000000001,4.067863919236898,Chen2020,SPM,pybamm_model_initial_soc_rest_voltage
0.835,4.071512648751831,Chen2020,SPM,pybamm_model_initial_soc_rest_voltage
0.84,4.074914609981116,Chen2020,SPM,pybamm_model_initial_soc_rest_voltage
0.845,4.078052429136407,Chen2020,SPM,pybamm_model_initial_soc_rest_voltage
0.85,4.080913321628858,Chen2020,SPM,pybamm_model_initial_soc_rest_voltage
0.855,4.083490207785091,Chen2020,SPM,pybamm_model_initial_soc_rest_voltage
0.86,4.085782792191312,Chen2020,SPM,pybamm_model_initial_soc_rest_voltage
0.865,4.087798544844439,Chen2020,SPM,pybamm_model_initial_soc_rest_voltage
0.87,4.089553515503922,Chen2020,SPM,pybamm_model_initial_soc_rest_voltage
0.875,4.091072909863305,Chen2020,SPM,pybamm_model_initial_soc_rest_voltage
0.88,4.092391358639542,Chen2020,SPM,pybamm_model_initial_soc_rest_voltage
0.885,4.093552819349417,Chen2020,SPM,pybamm_model_initial_soc_rest_voltage
0.89,4.094610065835357,Chen2020,SPM,pybamm_model_initial_soc_rest_voltage
0.895,4.095623742242114,Chen2020,SPM,pybamm_model_initial_soc_rest_voltage
0.9,4.09666098503703,Chen2020,SPM,pybamm_model_initial_soc_rest_voltage
0.905,4.097793646877645,Chen2020,SPM,pybamm_model_initial_soc_rest_voltage
0.91,4.099096187017695,Chen2020,SPM,pybamm_model_initial_soc_rest_voltage
0.915,4.100643321419283,Chen2020,SPM,pybamm_model_initial_soc_rest_voltage
0.92,4.102507548644161,Chen2020,SPM,pybamm_model_initial_soc_rest_voltage
0.925,4.104756682157203,Chen2020,SPM,pybamm_model_initial_soc_rest_voltage
0.93,4.10745152391294,Chen2020,SPM,pybamm_model_initial_soc_rest_voltage
0.935,4.110643807181093,Chen2020,SPM,pybamm_model_initial_soc_rest_voltage
0.9400000000000001,4.1143745189690275,Chen2020,SPM,pybamm_model_initial_soc_rest_voltage
0.9450000000000001,4.118672685857709,Chen2020,SPM,pybamm_model_initial_soc_rest_voltage
0.9500000000000001,4.123554674348625,Chen2020,SPM,pybamm_model_initial_soc_rest_voltage
0.9550000000000001,4.129024021313253,Chen2020,SPM,pybamm_model_initial_soc_rest_voltage
0.96,4.135071775385023,Chen2020,SPM,pybamm_model_initial_soc_rest_voltage
0.965,4.14167729934187,Chen2020,SPM,pybamm_model_initial_soc_rest_voltage
0.97,4.148809459192223,Chen2020,SPM,pybamm_model_initial_soc_rest_voltage
0.975,4.156428109330711,Chen2020,SPM,pybamm_model_initial_soc_rest_voltage
0.98,4.164485775277738,Chen2020,SPM,pybamm_model_initial_soc_rest_voltage
0.985,4.172929435713552,Chen2020,SPM,pybamm_model_initial_soc_rest_voltage
0.99,4.181702312569536,Chen2020,SPM,pybamm_model_initial_soc_rest_voltage
0.995,4.190745590174827,Chen2020,SPM,pybamm_model_initial_soc_rest_voltage
1.0,4.199999999999997,Chen2020,SPM,pybamm_model_initial_soc_rest_voltage
